{
  "users": {
    "7971415230": {
      "username": "Bilalja0",
      "first_name": "Bilal J",
      "last_name": "",
      "join_date": "2025-04-08 08:14:51",
      "last_active": "2025-04-08 09:02:02",
      "conversions": 9
    },
    "7701139741": {
      "username": "bilalja57",
      "first_name": "Bilal",
      "last_name": "Jomaa",
      "join_date": "2025-04-08 08:23:15",
      "last_active": "2025-04-08 08:43:40",
      "conversions": 0
    }
  },
  "stats": {
    "total_users": 2,
    "total_conversions": 9
  }
}